id,chart_template_id/id,code,user_type_id/id,name,reconcile,group_id/id,tag_ids/id
l10n_ar_chart.base_fondo_común_de_inversión_ars_galicia,l10n_ar_chart.l10nar_base_chart_template,1.1.2.01.001,account.data_account_type_current_assets,Fondo Común de Inversión ARS Galicia,FALSE,l10n_ar_chart.account_group_inversiones,
l10n_ar_chart.base_fondo_común_de_inversión_ars_macro,l10n_ar_chart.l10nar_base_chart_template,1.1.2.01.002,account.data_account_type_current_assets,Fondo Común de Inversión ARS Macro,FALSE,l10n_ar_chart.account_group_inversiones,
l10n_ar_chart.base_fondo_común_de_inversión_usd,l10n_ar_chart.l10nar_base_chart_template,1.1.2.01.003,account.data_account_type_current_assets,Fondo Común de Inversión USD,FALSE,l10n_ar_chart.account_group_inversiones,
l10n_ar_chart.base_fondo_común_de_inversión_usd_macro,l10n_ar_chart.l10nar_base_chart_template,1.1.2.01.004,account.data_account_type_current_assets,Fondo Común de Inversión USD Macro,FALSE,l10n_ar_chart.account_group_inversiones,
l10n_ar_chart.base_plazo_fijo_en_ars_galicia,l10n_ar_chart.l10nar_base_chart_template,1.1.2.01.005,account.data_account_type_current_assets,Plazo Fijo en ARS Galicia,FALSE,l10n_ar_chart.account_group_inversiones,
l10n_ar_chart.base_plazo_fijo_en_ars_macro,l10n_ar_chart.l10nar_base_chart_template,1.1.2.01.006,account.data_account_type_current_assets,Plazo Fijo en ARS Macro,FALSE,l10n_ar_chart.account_group_inversiones,
l10n_ar_chart.base_plazo_fijo_en_usd_galicia,l10n_ar_chart.l10nar_base_chart_template,1.1.2.01.007,account.data_account_type_current_assets,Plazo Fijo en USD Galicia,FALSE,l10n_ar_chart.account_group_inversiones,
l10n_ar_chart.base_plazo_fijo_en_usd_macro,l10n_ar_chart.l10nar_base_chart_template,1.1.2.01.008,account.data_account_type_current_assets,Plazo Fijo en USD Macro,FALSE,l10n_ar_chart.account_group_inversiones,
l10n_ar_chart.base_valores_en_cartera,l10n_ar_chart.l10nar_base_chart_template,1.1.3.01.001,account.data_account_type_receivable,Valores en Cartera,FALSE,l10n_ar_chart.account_group_creditos_por_ventas,
l10n_ar_chart.base_deudores_por_ventas,l10n_ar_chart.l10nar_base_chart_template,1.1.3.01.002,account.data_account_type_receivable,Deudores por ventas,TRUE,l10n_ar_chart.account_group_bienes_de_cambio,
l10n_ar_chart.base_deudores_por_ventas_usd,l10n_ar_chart.l10nar_base_chart_template,1.1.3.01.003,account.data_account_type_receivable,Deudores por ventas USD,TRUE,l10n_ar_chart.account_group_bienes_de_cambio,
l10n_ar_chart.base_deudores_morosos,l10n_ar_chart.l10nar_base_chart_template,1.1.3.01.004,account.data_account_type_receivable,Deudores morosos,TRUE,l10n_ar_chart.account_group_bienes_de_cambio,
l10n_ar_chart.base_anticipo_a_proveedores,l10n_ar_chart.l10nar_base_chart_template,1.1.3.01.005,account.data_account_type_receivable,Anticipo a proveedores,FALSE,l10n_ar_chart.account_group_creditos_por_ventas,
l10n_ar_chart.base_cuentas_por_cobrar_a_diego_fabian_tondo,l10n_ar_chart.l10nar_base_chart_template,1.1.4.01.001,account.data_account_type_receivable,Cuentas por Cobrar a Diego Fabian Tondo,FALSE,l10n_ar_chart.account_group_otros_creditos,
l10n_ar_chart.base_cuentas_por_cobrar_a_fabricio_donadio,l10n_ar_chart.l10nar_base_chart_template,1.1.4.01.002,account.data_account_type_receivable,Cuentas por Cobrar a Fabricio Donadio,FALSE,l10n_ar_chart.account_group_otros_creditos,
l10n_ar_chart.base_cuentas_por_cobrar_a_jose_forguez,l10n_ar_chart.l10nar_base_chart_template,1.1.4.01.003,account.data_account_type_receivable,Cuentas por Cobrar a Jose Forguez,FALSE,l10n_ar_chart.account_group_otros_creditos,
l10n_ar_chart.base_cuentas_por_cobrar_a_sergio_asis,l10n_ar_chart.l10nar_base_chart_template,1.1.4.01.004,account.data_account_type_receivable,Cuentas por Cobrar a Sergio Asis,FALSE,l10n_ar_chart.account_group_otros_creditos,
l10n_ar_chart.base_cuentas_por_cobrar_a_gabriel_florensa,l10n_ar_chart.l10nar_base_chart_template,1.1.4.01.005,account.data_account_type_receivable,Cuentas por Cobrar a Gabriel Florensa,FALSE,l10n_ar_chart.account_group_otros_creditos,
l10n_ar_chart.base_saldo_libre_disponibilidad_de_ganancias,l10n_ar_chart.l10nar_ex_chart_template,1.1.5.01.001,account.data_account_type_current_assets,Saldo Libre Disponibilidad de Ganancias,FALSE,l10n_ar_chart.account_group_creditos_fiscales_ganancias,l10n_ar_account.tag_a_cuenta_ganancias
l10n_ar_chart.base_retención_impuestos_a_las_ganancias_sufrida,l10n_ar_chart.l10nar_ex_chart_template,1.1.5.01.002,account.data_account_type_current_assets,Retención Impuestos a las Ganancias Sufrida,FALSE,l10n_ar_chart.account_group_creditos_fiscales_ganancias,l10n_ar_account.tag_a_cuenta_ganancias
l10n_ar_chart.base_percepción_impuesto_a_las_ganancias_sufrida,l10n_ar_chart.l10nar_ex_chart_template,1.1.5.01.003,account.data_account_type_current_assets,Percepción Impuesto a las Ganancias Sufrida,FALSE,l10n_ar_chart.account_group_creditos_fiscales_ganancias,l10n_ar_account.tag_a_cuenta_ganancias
l10n_ar_chart.base_anticipo_impuestos_a_las_ganancias,l10n_ar_chart.l10nar_ex_chart_template,1.1.5.01.004,account.data_account_type_current_assets,Anticipo impuestos a las ganancias,FALSE,l10n_ar_chart.account_group_creditos_fiscales_ganancias,l10n_ar_account.tag_a_cuenta_ganancias
l10n_ar_chart.base_impuesto_a_los_créditos_y_débitos_computables,l10n_ar_chart.l10nar_ex_chart_template,1.1.5.01.005,account.data_account_type_current_assets,Impuesto a los créditos y débitos computables,FALSE,l10n_ar_chart.account_group_creditos_fiscales_ganancias,l10n_ar_account.tag_a_cuenta_ganancias
l10n_ar_chart.ri_retención_iva_sufrida,l10n_ar_chart.l10nar_ri_chart_template,1.1.5.02.001,account.data_account_type_current_assets,Retención IVA Sufrida,FALSE,l10n_ar_chart.account_group_creditos_fiscales_iva,l10n_ar_account.tag_a_cuenta_iva
l10n_ar_chart.ri_percepciones_iva_sufrida,l10n_ar_chart.l10nar_ri_chart_template,1.1.5.02.002,account.data_account_type_current_assets,Percepciones IVA Sufrida,FALSE,l10n_ar_chart.account_group_creditos_fiscales_iva,l10n_ar_account.tag_a_cuenta_iva
l10n_ar_chart.ri_iva_crédito_fiscal,l10n_ar_chart.l10nar_ri_chart_template,1.1.5.02.003,account.data_account_type_current_assets,IVA crédito fiscal,FALSE,l10n_ar_chart.account_group_creditos_fiscales_iva,l10n_ar_account.tag_iva_primer_parrafo
l10n_ar_chart.ri_iva_saldo_a_favor,l10n_ar_chart.l10nar_ri_chart_template,1.1.5.02.004,account.data_account_type_current_assets,IVA saldo a favor,FALSE,l10n_ar_chart.account_group_creditos_fiscales_iva,
l10n_ar_chart.ri_iva_saldo_libre_disponibilidad,l10n_ar_chart.l10nar_ri_chart_template,1.1.5.02.005,account.data_account_type_current_assets,IVA saldo libre disponibilidad,FALSE,l10n_ar_chart.account_group_creditos_fiscales_iva,
l10n_ar_chart.base_percepciones_ingresos_brutos_capital_federal,l10n_ar_chart.l10nar_ex_chart_template,1.1.5.03.001,account.data_account_type_current_assets,Percepciones ingresos brutos capital federal,FALSE,l10n_ar_chart.account_group_creditos_fiscales_iibb,
l10n_ar_chart.base_retención_ingresos_brutos_capital_federal,l10n_ar_chart.l10nar_ex_chart_template,1.1.5.03.002,account.data_account_type_current_assets,Retención ingresos brutos capital federal,FALSE,l10n_ar_chart.account_group_creditos_fiscales_iibb,
l10n_ar_chart.base_saldo_a_favor_iibb_caba,l10n_ar_chart.l10nar_ex_chart_template,1.1.5.03.003,account.data_account_type_current_assets,Saldo a favor IIBB CABA,FALSE,l10n_ar_chart.account_group_creditos_fiscales_iibb,
l10n_ar_chart.base_percepciones_ingresos_brutos_buenos_aires,l10n_ar_chart.l10nar_ex_chart_template,1.1.5.04.001,account.data_account_type_current_assets,Percepciones ingresos brutos Buenos Aires,FALSE,l10n_ar_chart.account_group_creditos_fiscales_iibb,
l10n_ar_chart.base_retención_ingresos_brutos_buenos_aires,l10n_ar_chart.l10nar_ex_chart_template,1.1.5.04.002,account.data_account_type_current_assets,Retención ingresos brutos Buenos Aires,FALSE,l10n_ar_chart.account_group_creditos_fiscales_iibb,
l10n_ar_chart.base_saldo_a_favor_iibb_buenos_aires,l10n_ar_chart.l10nar_ex_chart_template,1.1.5.04.003,account.data_account_type_current_assets,Saldo a favor IIBB Buenos Aires,FALSE,l10n_ar_chart.account_group_creditos_fiscales_iibb,
l10n_ar_chart.base_percepciones_ingresos_brutos_santa_fé,l10n_ar_chart.l10nar_ex_chart_template,1.1.5.05.001,account.data_account_type_current_assets,Percepciones ingresos brutos Santa Fé,FALSE,l10n_ar_chart.account_group_creditos_fiscales_iibb,
l10n_ar_chart.base_retención_ingresos_brutos_santa_fé,l10n_ar_chart.l10nar_ex_chart_template,1.1.5.05.002,account.data_account_type_current_assets,Retención ingresos brutos Santa Fé,FALSE,l10n_ar_chart.account_group_creditos_fiscales_iibb,
l10n_ar_chart.base_saldo_a_favor_iibb_santa_fé,l10n_ar_chart.l10nar_ex_chart_template,1.1.5.05.003,account.data_account_type_current_assets,Saldo a favor IIBB Santa Fé,FALSE,l10n_ar_chart.account_group_creditos_fiscales_iibb,
l10n_ar_chart.base_percepciones_ingresos_brutos_salta,l10n_ar_chart.l10nar_ex_chart_template,1.1.5.06.001,account.data_account_type_current_assets,Percepciones ingresos brutos Salta,FALSE,l10n_ar_chart.account_group_creditos_fiscales_iibb,
l10n_ar_chart.base_retención_ingresos_brutos_salta,l10n_ar_chart.l10nar_ex_chart_template,1.1.5.06.002,account.data_account_type_current_assets,Retención ingresos brutos Salta,FALSE,l10n_ar_chart.account_group_creditos_fiscales_iibb,
l10n_ar_chart.base_saldo_a_favor_iibb_salta,l10n_ar_chart.l10nar_ex_chart_template,1.1.5.06.003,account.data_account_type_current_assets,Saldo a favor IIBB Salta,FALSE,l10n_ar_chart.account_group_creditos_fiscales_iibb,
l10n_ar_chart.base_percepciones_ingresos_brutos_p._misiones,l10n_ar_chart.l10nar_ex_chart_template,1.1.5.07.001,account.data_account_type_current_assets,Percepciones ingresos brutos p. Misiones,FALSE,l10n_ar_chart.account_group_creditos_fiscales_iibb,
l10n_ar_chart.base_retención_ingresos_brutos_p._misiones,l10n_ar_chart.l10nar_ex_chart_template,1.1.5.07.002,account.data_account_type_current_assets,Retención ingresos brutos p. Misiones,FALSE,l10n_ar_chart.account_group_creditos_fiscales_iibb,
l10n_ar_chart.base_saldo_a_favor_iibb_misiones,l10n_ar_chart.l10nar_ex_chart_template,1.1.5.07.003,account.data_account_type_current_assets,Saldo a favor IIBB Misiones,FALSE,l10n_ar_chart.account_group_creditos_fiscales_iibb,
l10n_ar_chart.base_percepciones_ingresos_brutos_p._chaco,l10n_ar_chart.l10nar_ex_chart_template,1.1.5.08.001,account.data_account_type_current_assets,Percepciones ingresos brutos p. Chaco,FALSE,l10n_ar_chart.account_group_creditos_fiscales_iibb,
l10n_ar_chart.base_retención_ingresos_brutos_p._chaco,l10n_ar_chart.l10nar_ex_chart_template,1.1.5.08.002,account.data_account_type_current_assets,Retención ingresos brutos p. Chaco,FALSE,l10n_ar_chart.account_group_creditos_fiscales_iibb,
l10n_ar_chart.base_saldo_a_favor_iibb_chaco,l10n_ar_chart.l10nar_ex_chart_template,1.1.5.08.003,account.data_account_type_current_assets,Saldo a favor IIBB Chaco,FALSE,l10n_ar_chart.account_group_creditos_fiscales_iibb,
l10n_ar_chart.base_percepciones_ingresos_brutos_p._corrientes,l10n_ar_chart.l10nar_ex_chart_template,1.1.5.09.001,account.data_account_type_current_assets,Percepciones ingresos brutos p. Corrientes,FALSE,l10n_ar_chart.account_group_creditos_fiscales_iibb,
l10n_ar_chart.base_retención_ingresos_brutos_p._corrientes,l10n_ar_chart.l10nar_ex_chart_template,1.1.5.09.002,account.data_account_type_current_assets,Retención ingresos brutos p. Corrientes,FALSE,l10n_ar_chart.account_group_creditos_fiscales_iibb,
l10n_ar_chart.base_saldo_a_favor_iibb_corrientes,l10n_ar_chart.l10nar_ex_chart_template,1.1.5.09.003,account.data_account_type_current_assets,Saldo a favor IIBB Corrientes,FALSE,l10n_ar_chart.account_group_creditos_fiscales_iibb,
l10n_ar_chart.base_percepciones_ingresos_brutos_p._santiago_del_estero,l10n_ar_chart.l10nar_ex_chart_template,1.1.5.10.001,account.data_account_type_current_assets,Percepciones ingresos brutos p. Santiago del Estero,FALSE,l10n_ar_chart.account_group_creditos_fiscales_iibb,
l10n_ar_chart.base_retención_ingresos_brutos_p._santiago_del_estero,l10n_ar_chart.l10nar_ex_chart_template,1.1.5.10.002,account.data_account_type_current_assets,Retención ingresos brutos p. Santiago del Estero,FALSE,l10n_ar_chart.account_group_creditos_fiscales_iibb,
l10n_ar_chart.base_saldo_a_favor_iibb_santiago_del_estero,l10n_ar_chart.l10nar_ex_chart_template,1.1.5.10.003,account.data_account_type_current_assets,Saldo a favor IIBB Santiago del Estero,FALSE,l10n_ar_chart.account_group_creditos_fiscales_iibb,
l10n_ar_chart.base_percepciones_ingresos_brutos_p._jujuy,l10n_ar_chart.l10nar_ex_chart_template,1.1.5.11.001,account.data_account_type_current_assets,Percepciones ingresos brutos p. Jujuy,FALSE,l10n_ar_chart.account_group_creditos_fiscales_iibb,
l10n_ar_chart.base_retención_ingresos_brutos_p._jujuy,l10n_ar_chart.l10nar_ex_chart_template,1.1.5.11.002,account.data_account_type_current_assets,Retención ingresos brutos p. Jujuy,FALSE,l10n_ar_chart.account_group_creditos_fiscales_iibb,
l10n_ar_chart.base_saldo_a_favor_iibb_jujuy,l10n_ar_chart.l10nar_ex_chart_template,1.1.5.11.003,account.data_account_type_current_assets,Saldo a favor IIBB Jujuy,FALSE,l10n_ar_chart.account_group_creditos_fiscales_iibb,
l10n_ar_chart.base_percepciones_ingresos_brutos_p._san_juan,l10n_ar_chart.l10nar_ex_chart_template,1.1.5.12.001,account.data_account_type_current_assets,Percepciones ingresos brutos p. San Juan,FALSE,l10n_ar_chart.account_group_creditos_fiscales_iibb,
l10n_ar_chart.base_retención_ingresos_brutos_p._san_juan,l10n_ar_chart.l10nar_ex_chart_template,1.1.5.12.002,account.data_account_type_current_assets,Retención ingresos brutos p. San Juan,FALSE,l10n_ar_chart.account_group_creditos_fiscales_iibb,
l10n_ar_chart.base_saldo_a_favor_iibb_san_juan,l10n_ar_chart.l10nar_ex_chart_template,1.1.5.12.003,account.data_account_type_current_assets,Saldo a favor IIBB San Juan,FALSE,l10n_ar_chart.account_group_creditos_fiscales_iibb,
l10n_ar_chart.base_percepciones_ingresos_brutos_p._río_negro,l10n_ar_chart.l10nar_ex_chart_template,1.1.5.13.001,account.data_account_type_current_assets,Percepciones ingresos brutos p. Río Negro,FALSE,l10n_ar_chart.account_group_creditos_fiscales_iibb,
l10n_ar_chart.base_retención_ingresos_brutos_p._río_negro,l10n_ar_chart.l10nar_ex_chart_template,1.1.5.13.002,account.data_account_type_current_assets,Retención ingresos brutos p. Río Negro,FALSE,l10n_ar_chart.account_group_creditos_fiscales_iibb,
l10n_ar_chart.base_saldo_a_favor_iibb_río_negro,l10n_ar_chart.l10nar_ex_chart_template,1.1.5.13.003,account.data_account_type_current_assets,Saldo a favor IIBB Río Negro,FALSE,l10n_ar_chart.account_group_creditos_fiscales_iibb,
l10n_ar_chart.base_percepciones_ingresos_brutos_p._formosa,l10n_ar_chart.l10nar_ex_chart_template,1.1.5.14.001,account.data_account_type_current_assets,Percepciones ingresos brutos p. Formosa,FALSE,l10n_ar_chart.account_group_creditos_fiscales_iibb,
l10n_ar_chart.base_retención_ingresos_brutos_p._formosa,l10n_ar_chart.l10nar_ex_chart_template,1.1.5.14.002,account.data_account_type_current_assets,Retención ingresos brutos p. Formosa,FALSE,l10n_ar_chart.account_group_creditos_fiscales_iibb,
l10n_ar_chart.base_saldo_a_favor_iibb_río_formosa,l10n_ar_chart.l10nar_ex_chart_template,1.1.5.14.003,account.data_account_type_current_assets,Saldo a favor IIBB Río Formosa,FALSE,l10n_ar_chart.account_group_creditos_fiscales_iibb,
l10n_ar_chart.base_percepciones_ingresos_brutos_p._neuquén,l10n_ar_chart.l10nar_ex_chart_template,1.1.5.15.001,account.data_account_type_current_assets,Percepciones ingresos brutos p. Neuquén,FALSE,l10n_ar_chart.account_group_creditos_fiscales_iibb,
l10n_ar_chart.base_retención_ingresos_brutos_p._neuquén,l10n_ar_chart.l10nar_ex_chart_template,1.1.5.15.002,account.data_account_type_current_assets,Retención ingresos brutos p. Neuquén,FALSE,l10n_ar_chart.account_group_creditos_fiscales_iibb,
l10n_ar_chart.base_saldo_a_favor_iibb_río_neuquén,l10n_ar_chart.l10nar_ex_chart_template,1.1.5.15.003,account.data_account_type_current_assets,Saldo a favor IIBB Río Neuquén,FALSE,l10n_ar_chart.account_group_creditos_fiscales_iibb,
l10n_ar_chart.base_percepciones_ingresos_brutos_p._chubut,l10n_ar_chart.l10nar_ex_chart_template,1.1.5.16.001,account.data_account_type_current_assets,Percepciones ingresos brutos p. Chubut,FALSE,l10n_ar_chart.account_group_creditos_fiscales_iibb,
l10n_ar_chart.base_retención_ingresos_brutos_p._chubut,l10n_ar_chart.l10nar_ex_chart_template,1.1.5.16.002,account.data_account_type_current_assets,Retención ingresos brutos p. Chubut,FALSE,l10n_ar_chart.account_group_creditos_fiscales_iibb,
l10n_ar_chart.base_saldo_a_favor_iibb_río_chubut,l10n_ar_chart.l10nar_ex_chart_template,1.1.5.16.003,account.data_account_type_current_assets,Saldo a favor IIBB Río Chubut,FALSE,l10n_ar_chart.account_group_creditos_fiscales_iibb,
l10n_ar_chart.base_percepciones_ingresos_brutos_p._san_luis,l10n_ar_chart.l10nar_ex_chart_template,1.1.5.17.001,account.data_account_type_current_assets,Percepciones ingresos brutos p. San Luis,FALSE,l10n_ar_chart.account_group_creditos_fiscales_iibb,
l10n_ar_chart.base_retención_ingresos_brutos_p._san_luis,l10n_ar_chart.l10nar_ex_chart_template,1.1.5.17.002,account.data_account_type_current_assets,Retención ingresos brutos p. San Luis,FALSE,l10n_ar_chart.account_group_creditos_fiscales_iibb,
l10n_ar_chart.base_saldo_a_favor_iibb_san_luis,l10n_ar_chart.l10nar_ex_chart_template,1.1.5.17.003,account.data_account_type_current_assets,Saldo a favor IIBB San Luis,FALSE,l10n_ar_chart.account_group_creditos_fiscales_iibb,
l10n_ar_chart.base_percepciones_ingresos_brutos_p._catamarca,l10n_ar_chart.l10nar_ex_chart_template,1.1.5.18.001,account.data_account_type_current_assets,Percepciones ingresos brutos p. Catamarca,FALSE,l10n_ar_chart.account_group_creditos_fiscales_iibb,
l10n_ar_chart.base_retención_ingresos_brutos_p._catamarca,l10n_ar_chart.l10nar_ex_chart_template,1.1.5.18.002,account.data_account_type_current_assets,Retención ingresos brutos p. Catamarca,FALSE,l10n_ar_chart.account_group_creditos_fiscales_iibb,
l10n_ar_chart.base_saldo_a_favor_iibb_catamarca,l10n_ar_chart.l10nar_ex_chart_template,1.1.5.18.003,account.data_account_type_current_assets,Saldo a favor IIBB Catamarca,FALSE,l10n_ar_chart.account_group_creditos_fiscales_iibb,
l10n_ar_chart.base_percepciones_ingresos_brutos_p._la_rioja,l10n_ar_chart.l10nar_ex_chart_template,1.1.5.19.001,account.data_account_type_current_assets,Percepciones ingresos brutos p. La Rioja,FALSE,l10n_ar_chart.account_group_creditos_fiscales_iibb,
l10n_ar_chart.base_retención_ingresos_brutos_p._la_rioja,l10n_ar_chart.l10nar_ex_chart_template,1.1.5.19.002,account.data_account_type_current_assets,Retención ingresos brutos p. La Rioja,FALSE,l10n_ar_chart.account_group_creditos_fiscales_iibb,
l10n_ar_chart.base_saldo_a_favor_iibb_la_rioja,l10n_ar_chart.l10nar_ex_chart_template,1.1.5.19.003,account.data_account_type_current_assets,Saldo a favor IIBB La Rioja,FALSE,l10n_ar_chart.account_group_creditos_fiscales_iibb,
l10n_ar_chart.base_percepciones_ingresos_brutos_p._la_pampa,l10n_ar_chart.l10nar_ex_chart_template,1.1.5.20.001,account.data_account_type_current_assets,Percepciones ingresos brutos p. La Pampa,FALSE,l10n_ar_chart.account_group_creditos_fiscales_iibb,
l10n_ar_chart.base_retención_ingresos_brutos_p._la_pampa,l10n_ar_chart.l10nar_ex_chart_template,1.1.5.20.002,account.data_account_type_current_assets,Retención ingresos brutos p. La Pampa,FALSE,l10n_ar_chart.account_group_creditos_fiscales_iibb,
l10n_ar_chart.base_saldo_a_favor_iibb_la_pampa,l10n_ar_chart.l10nar_ex_chart_template,1.1.5.20.003,account.data_account_type_current_assets,Saldo a favor IIBB La Pampa,FALSE,l10n_ar_chart.account_group_creditos_fiscales_iibb,
l10n_ar_chart.base_percepciones_ingresos_brutos_p._santa_cruz,l10n_ar_chart.l10nar_ex_chart_template,1.1.5.21.001,account.data_account_type_current_assets,Percepciones ingresos brutos p. Santa Cruz,FALSE,l10n_ar_chart.account_group_creditos_fiscales_iibb,
l10n_ar_chart.base_retención_ingresos_brutos_p._santa_cruz,l10n_ar_chart.l10nar_ex_chart_template,1.1.5.21.002,account.data_account_type_current_assets,Retención ingresos brutos p. Santa Cruz,FALSE,l10n_ar_chart.account_group_creditos_fiscales_iibb,
l10n_ar_chart.base_saldo_a_favor_iibb_santa_cruz,l10n_ar_chart.l10nar_ex_chart_template,1.1.5.21.003,account.data_account_type_current_assets,Saldo a favor IIBB Santa Cruz,FALSE,l10n_ar_chart.account_group_creditos_fiscales_iibb,
l10n_ar_chart.base_percepciones_ingresos_brutos_p._tierra_del_fuego,l10n_ar_chart.l10nar_ex_chart_template,1.1.5.22.001,account.data_account_type_current_assets,Percepciones ingresos brutos p. Tierra del Fuego,FALSE,l10n_ar_chart.account_group_creditos_fiscales_iibb,
l10n_ar_chart.base_retención_ingresos_brutos_p._tierra_del_fuego,l10n_ar_chart.l10nar_ex_chart_template,1.1.5.22.002,account.data_account_type_current_assets,Retención ingresos brutos p. Tierra del Fuego,FALSE,l10n_ar_chart.account_group_creditos_fiscales_iibb,
l10n_ar_chart.base_saldo_a_favor_iibb_tierra_del_fuego,l10n_ar_chart.l10nar_ex_chart_template,1.1.5.22.003,account.data_account_type_current_assets,Saldo a favor IIBB Tierra del Fuego,FALSE,l10n_ar_chart.account_group_creditos_fiscales_iibb,
l10n_ar_chart.base_percepciones_ingresos_brutos_p._mendoza,l10n_ar_chart.l10nar_ex_chart_template,1.1.5.23.001,account.data_account_type_current_assets,Percepciones ingresos brutos p. Mendoza,FALSE,l10n_ar_chart.account_group_creditos_fiscales_iibb,
l10n_ar_chart.base_retención_ingresos_brutos_p._mendoza,l10n_ar_chart.l10nar_ex_chart_template,1.1.5.23.002,account.data_account_type_current_assets,Retención ingresos brutos p. Mendoza,FALSE,l10n_ar_chart.account_group_creditos_fiscales_iibb,
l10n_ar_chart.base_saldo_a_favor_iibb_tierra_del_mendoza,l10n_ar_chart.l10nar_ex_chart_template,1.1.5.23.003,account.data_account_type_current_assets,Saldo a favor IIBB Tierra del Mendoza,FALSE,l10n_ar_chart.account_group_creditos_fiscales_iibb,
l10n_ar_chart.base_percepciones_ingresos_brutos_p._tucumán,l10n_ar_chart.l10nar_ex_chart_template,1.1.5.24.001,account.data_account_type_current_assets,Percepciones ingresos brutos p. Tucumán,FALSE,l10n_ar_chart.account_group_creditos_fiscales_iibb,
l10n_ar_chart.base_retención_ingresos_brutos_p._tucumán,l10n_ar_chart.l10nar_ex_chart_template,1.1.5.24.002,account.data_account_type_current_assets,Retención ingresos brutos p. Tucumán,FALSE,l10n_ar_chart.account_group_creditos_fiscales_iibb,
l10n_ar_chart.base_saldo_a_favor_iibb_tierra_del_tucumán,l10n_ar_chart.l10nar_ex_chart_template,1.1.5.24.003,account.data_account_type_current_assets,Saldo a favor IIBB Tierra del Tucumán,FALSE,l10n_ar_chart.account_group_creditos_fiscales_iibb,
l10n_ar_chart.base_percepciones_ingresos_brutos_p._entre_ríos,l10n_ar_chart.l10nar_ex_chart_template,1.1.5.25.001,account.data_account_type_current_assets,Percepciones ingresos brutos p. Entre Ríos,FALSE,l10n_ar_chart.account_group_creditos_fiscales_iibb,
l10n_ar_chart.base_retención_ingresos_brutos_p._entre_ríos,l10n_ar_chart.l10nar_ex_chart_template,1.1.5.25.002,account.data_account_type_current_assets,Retención ingresos brutos p. Entre Ríos,FALSE,l10n_ar_chart.account_group_creditos_fiscales_iibb,
l10n_ar_chart.base_saldo_a_favor_iibb_tierra_del_entre_ríos,l10n_ar_chart.l10nar_ex_chart_template,1.1.5.25.003,account.data_account_type_current_assets,Saldo a favor IIBB Tierra del Entre Ríos,FALSE,l10n_ar_chart.account_group_creditos_fiscales_iibb,
l10n_ar_chart.base_percepciones_ingresos_brutos_p._cordoba,l10n_ar_chart.l10nar_ex_chart_template,1.1.5.26.001,account.data_account_type_current_assets,Percepciones ingresos brutos p. Cordoba,FALSE,l10n_ar_chart.account_group_creditos_fiscales_iibb,
l10n_ar_chart.base_retención_ingresos_brutos_cordoba,l10n_ar_chart.l10nar_ex_chart_template,1.1.5.26.002,account.data_account_type_current_assets,Retención ingresos brutos Cordoba,FALSE,l10n_ar_chart.account_group_creditos_fiscales_iibb,
l10n_ar_chart.base_saldo_a_favor_iibb_córdoba,l10n_ar_chart.l10nar_ex_chart_template,1.1.5.26.003,account.data_account_type_current_assets,Saldo a favor IIBB Córdoba,FALSE,l10n_ar_chart.account_group_creditos_fiscales_iibb,
l10n_ar_chart.base_retención_suss_régimen_general,l10n_ar_chart.l10nar_ex_chart_template,1.1.5.27.001,account.data_account_type_current_assets,Retención SUSS Régimen General,FALSE,l10n_ar_chart.account_group_creditos_fiscales_suss,
l10n_ar_chart.base_percepciones_comercio_e_industria,l10n_ar_chart.l10nar_ex_chart_template,1.1.5.28.001,account.data_account_type_current_assets,Percepciones Comercio e Industria,FALSE,l10n_ar_chart.account_group_creditos_fiscales_municipales,
l10n_ar_chart.base_retención_comercio_e_industria,l10n_ar_chart.l10nar_ex_chart_template,1.1.5.28.002,account.data_account_type_current_assets,Retención Comercio e Industria,FALSE,l10n_ar_chart.account_group_creditos_fiscales_municipales,
l10n_ar_chart.base_saldo_a_favor_comercio_e_industria,l10n_ar_chart.l10nar_ex_chart_template,1.1.5.28.003,account.data_account_type_current_assets,Saldo a favor Comercio e Industria,FALSE,l10n_ar_chart.account_group_creditos_fiscales_municipales,
l10n_ar_chart.base_materia_prima,l10n_ar_chart.l10nar_base_chart_template,1.1.6.01.001,account.data_account_type_current_assets,Materia Prima,FALSE,l10n_ar_chart.account_group_bienes_de_cambio,
l10n_ar_chart.base_productos_en_proceso,l10n_ar_chart.l10nar_base_chart_template,1.1.6.01.002,account.data_account_type_current_assets,Productos en Proceso,FALSE,l10n_ar_chart.account_group_bienes_de_cambio,
l10n_ar_chart.base_productos_terminados,l10n_ar_chart.l10nar_base_chart_template,1.1.6.01.003,account.data_account_type_current_assets,Productos Terminados,FALSE,l10n_ar_chart.account_group_bienes_de_cambio,
l10n_ar_chart.base_materiales_e_insumos,l10n_ar_chart.l10nar_base_chart_template,1.1.6.01.004,account.data_account_type_current_assets,Materiales e Insumos,FALSE,l10n_ar_chart.account_group_bienes_de_cambio,
l10n_ar_chart.base_mercaderia_comprometida_no_entregada,l10n_ar_chart.l10nar_base_chart_template,1.1.6.01.005,account.data_account_type_current_assets,Mercaderia comprometida no entregada,FALSE,l10n_ar_chart.account_group_bienes_de_cambio,
l10n_ar_chart.base_maquinarias_y_equipos,l10n_ar_chart.l10nar_base_chart_template,1.2.1.01.001,account.data_account_type_fixed_assets,Maquinarias y equipos,FALSE,l10n_ar_chart.account_group_bienes_de_cambio,
l10n_ar_chart.base_instalaciones,l10n_ar_chart.l10nar_base_chart_template,1.2.1.01.002,account.data_account_type_fixed_assets,Instalaciones,FALSE,l10n_ar_chart.account_group_bienes_de_cambio,
l10n_ar_chart.base_muebles_y_útiles,l10n_ar_chart.l10nar_base_chart_template,1.2.1.01.003,account.data_account_type_fixed_assets,Muebles y útiles,FALSE,l10n_ar_chart.account_group_bienes_de_cambio,
l10n_ar_chart.base_rodados,l10n_ar_chart.l10nar_base_chart_template,1.2.1.01.004,account.data_account_type_fixed_assets,Rodados,FALSE,l10n_ar_chart.account_group_bienes_de_cambio,
l10n_ar_chart.base_herramientas,l10n_ar_chart.l10nar_base_chart_template,1.2.1.01.005,account.data_account_type_fixed_assets,Herramientas,FALSE,l10n_ar_chart.account_group_bienes_de_cambio,
l10n_ar_chart.base_equipos_de_computación,l10n_ar_chart.l10nar_base_chart_template,1.2.1.01.006,account.data_account_type_fixed_assets,Equipos de Computación,FALSE,l10n_ar_chart.account_group_bienes_de_cambio,
l10n_ar_chart.base_amortización_acumulada_maquinarias_y_equipos,l10n_ar_chart.l10nar_base_chart_template,1.2.2.01.001,account.data_account_type_depreciation,Amortización acumulada Maquinarias y equipos,FALSE,l10n_ar_chart.account_group_instalaciones,
l10n_ar_chart.base_amortización_acumulada_instalaciones,l10n_ar_chart.l10nar_base_chart_template,1.2.2.01.002,account.data_account_type_depreciation,Amortización acumulada instalaciones,FALSE,l10n_ar_chart.account_group_instalaciones,
l10n_ar_chart.base_amortización_acumulada_muebles_y_útiles,l10n_ar_chart.l10nar_base_chart_template,1.2.2.01.003,account.data_account_type_depreciation,Amortización acumulada muebles y útiles,FALSE,l10n_ar_chart.account_group_instalaciones,
l10n_ar_chart.base_amortización_acumulada_rodados,l10n_ar_chart.l10nar_base_chart_template,1.2.2.01.004,account.data_account_type_depreciation,Amortización Acumulada rodados,FALSE,l10n_ar_chart.account_group_instalaciones,
l10n_ar_chart.base_amortización_acumulada_herramientas,l10n_ar_chart.l10nar_base_chart_template,1.2.2.01.005,account.data_account_type_depreciation,Amortización Acumulada Herramientas,FALSE,l10n_ar_chart.account_group_instalaciones,
l10n_ar_chart.base_amortización_acumulada_equipos_de_computación,l10n_ar_chart.l10nar_base_chart_template,1.2.2.01.006,account.data_account_type_depreciation,Amortización acumulada Equipos de Computación,FALSE,l10n_ar_chart.account_group_instalaciones,
l10n_ar_chart.base_software,l10n_ar_chart.l10nar_base_chart_template,1.2.3.01.001,account.data_account_type_current_assets,Software,FALSE,l10n_ar_chart.account_group_derechos_de_marcas,
l10n_ar_chart.base_marcas,l10n_ar_chart.l10nar_base_chart_template,1.2.3.01.002,account.data_account_type_current_assets,Marcas,FALSE,l10n_ar_chart.account_group_derechos_de_marcas,
l10n_ar_chart.base_patentes,l10n_ar_chart.l10nar_base_chart_template,1.2.3.01.003,account.data_account_type_current_assets,Patentes,FALSE,l10n_ar_chart.account_group_derechos_de_marcas,
l10n_ar_chart.base_modelos_industriales,l10n_ar_chart.l10nar_base_chart_template,1.2.3.01.004,account.data_account_type_current_assets,Modelos Industriales,FALSE,l10n_ar_chart.account_group_derechos_de_marcas,
l10n_ar_chart.base_amortizacion_acumulada_de_software,l10n_ar_chart.l10nar_base_chart_template,1.2.4.01.001,account.data_account_type_depreciation,Amortizacion Acumulada de Software,FALSE,l10n_ar_chart.account_group_bienes_de_cambio,
l10n_ar_chart.base_amortizacion_acumulada_de_marcas,l10n_ar_chart.l10nar_base_chart_template,1.2.4.01.002,account.data_account_type_depreciation,Amortizacion Acumulada de Marcas,FALSE,l10n_ar_chart.account_group_bienes_de_cambio,
l10n_ar_chart.base_amortización_acumulada_de_patentes,l10n_ar_chart.l10nar_base_chart_template,1.2.4.01.003,account.data_account_type_depreciation,Amortización Acumulada de Patentes,FALSE,l10n_ar_chart.account_group_bienes_de_cambio,
l10n_ar_chart.base_amortización_acumulada_modelos_industriales,l10n_ar_chart.l10nar_base_chart_template,1.2.4.01.004,account.data_account_type_depreciation,Amortización Acumulada Modelos Industriales,FALSE,l10n_ar_chart.account_group_bienes_de_cambio,
l10n_ar_chart.base_proveedores_ars,l10n_ar_chart.l10nar_base_chart_template,2.1.1.01.001,account.data_account_type_payable,Proveedores ARS,TRUE,l10n_ar_chart.account_group_bienes_de_cambio,
l10n_ar_chart.base_proveedores_usd,l10n_ar_chart.l10nar_base_chart_template,2.1.1.01.002,account.data_account_type_payable,Proveedores USD,TRUE,l10n_ar_chart.account_group_bienes_de_cambio,
l10n_ar_chart.base_alquileres_a_pagar,l10n_ar_chart.l10nar_base_chart_template,2.1.1.01.004,account.data_account_type_payable,Alquileres a pagar,TRUE,l10n_ar_chart.account_group_bienes_de_cambio,
l10n_ar_chart.base_acreedores_varios,l10n_ar_chart.l10nar_base_chart_template,2.1.1.01.004,account.data_account_type_payable,Acreedores varios,FALSE,l10n_ar_chart.account_group_deudas_comerciales,
l10n_ar_chart.base_anticipos_de_clientes,l10n_ar_chart.l10nar_base_chart_template,2.1.1.01.005,account.data_account_type_payable,Anticipos de clientes,FALSE,l10n_ar_chart.account_group_deudas_comerciales,
l10n_ar_chart.base_cheques_diferidos,l10n_ar_chart.l10nar_base_chart_template,2.1.2.01.001,account.data_account_type_payable,Cheques diferidos,FALSE,l10n_ar_chart.account_group_deudas_financieras,
l10n_ar_chart.base_otras_deudas_documentadas,l10n_ar_chart.l10nar_base_chart_template,2.1.2.01.002,account.data_account_type_payable,Otras deudas documentadas,FALSE,l10n_ar_chart.account_group_deudas_financieras,
l10n_ar_chart.base_tarjeta_de_crédito_a_pagar_galicia_visa,l10n_ar_chart.l10nar_base_chart_template,2.1.2.01.003,account.data_account_type_payable,Tarjeta de crédito a pagar Galicia Visa,TRUE,l10n_ar_chart.account_group_bienes_de_cambio,
l10n_ar_chart.base_tarjeta_de_crédito_a_pagar_macro_visa,l10n_ar_chart.l10nar_base_chart_template,2.1.2.01.004,account.data_account_type_payable,Tarjeta de crédito a pagar Macro Visa,TRUE,l10n_ar_chart.account_group_bienes_de_cambio,
l10n_ar_chart.base_mercaderia_recibida_no_facturada,l10n_ar_chart.l10nar_base_chart_template,2.1.2.01.005,account.data_account_type_payable,Mercaderia recibida no facturada,FALSE,l10n_ar_chart.account_group_deudas_comerciales,
l10n_ar_chart.base_prestamos_en_ars_galicia,l10n_ar_chart.l10nar_base_chart_template,2.1.3.01.001,account.data_account_type_payable,Prestamos en ARS Galicia,FALSE,l10n_ar_chart.account_group_deudas_financieras,
l10n_ar_chart.base_prestamos_en_ars_macro,l10n_ar_chart.l10nar_base_chart_template,2.1.3.01.002,account.data_account_type_payable,Prestamos en ARS Macro,FALSE,l10n_ar_chart.account_group_deudas_financieras,
l10n_ar_chart.base_prestamos_en_usd_galicia,l10n_ar_chart.l10nar_base_chart_template,2.1.3.01.003,account.data_account_type_payable,Prestamos en USD Galicia,FALSE,l10n_ar_chart.account_group_deudas_financieras,
l10n_ar_chart.base_prestamos_en_usd_macro,l10n_ar_chart.l10nar_base_chart_template,2.1.3.01.004,account.data_account_type_payable,Prestamos en USD Macro,FALSE,l10n_ar_chart.account_group_deudas_financieras,
l10n_ar_chart.base_cuentas_particular_socio_fabricio_donadio,l10n_ar_chart.l10nar_base_chart_template,2.1.4.01.001,account.data_account_type_payable,Cuentas Particular Socio Fabricio Donadio,FALSE,l10n_ar_chart.account_group_cuentas_particulares,
l10n_ar_chart.base_cuentas_particular_socio_diego_fabian_tondo,l10n_ar_chart.l10nar_base_chart_template,2.1.4.01.002,account.data_account_type_payable,Cuentas Particular Socio Diego Fabian Tondo,FALSE,l10n_ar_chart.account_group_cuentas_particulares,
l10n_ar_chart.base_cuentas_particular_socio_jose_forguez,l10n_ar_chart.l10nar_base_chart_template,2.1.4.01.003,account.data_account_type_payable,Cuentas Particular Socio Jose Forguez,FALSE,l10n_ar_chart.account_group_cuentas_particulares,
l10n_ar_chart.base_cuentas_particular_socio_gabriel_florensa,l10n_ar_chart.l10nar_base_chart_template,2.1.4.01.004,account.data_account_type_payable,Cuentas Particular Socio Gabriel Florensa,FALSE,l10n_ar_chart.account_group_cuentas_particulares,
l10n_ar_chart.base_cuentas_particular_socio_sergio_asis,l10n_ar_chart.l10nar_base_chart_template,2.1.4.01.005,account.data_account_type_payable,Cuentas Particular Socio Sergio Asis,FALSE,l10n_ar_chart.account_group_cuentas_particulares,
l10n_ar_chart.base_garantía_directores,l10n_ar_chart.l10nar_base_chart_template,2.1.4.01.006,account.data_account_type_payable,Garantía Directores,FALSE,l10n_ar_chart.account_group_remueraciones_y_cargas_sociales,
l10n_ar_chart.base_sueldos_a_pagar,l10n_ar_chart.l10nar_base_chart_template,2.1.5.01.001,account.data_account_type_payable,Sueldos a pagar,TRUE,l10n_ar_chart.account_group_bienes_de_cambio,
l10n_ar_chart.base_cargas_sociales_a_pagar,l10n_ar_chart.l10nar_base_chart_template,2.1.5.01.002,account.data_account_type_payable,Cargas sociales a pagar,TRUE,l10n_ar_chart.account_group_bienes_de_cambio,
l10n_ar_chart.base_provision_sac_y_vacaciones,l10n_ar_chart.l10nar_base_chart_template,2.1.5.01.003,account.data_account_type_payable,Provision SAC y Vacaciones,FALSE,l10n_ar_chart.account_group_remueraciones_y_cargas_sociales,
l10n_ar_chart.base_provision_cargas_sociales_a_pagar,l10n_ar_chart.l10nar_base_chart_template,2.1.5.01.004,account.data_account_type_payable,Provision cargas sociales a pagar,TRUE,l10n_ar_chart.account_group_bienes_de_cambio,
l10n_ar_chart.base_comisiones_a_pagar,l10n_ar_chart.l10nar_base_chart_template,2.1.5.01.005,account.data_account_type_payable,Comisiones a pagar,TRUE,l10n_ar_chart.account_group_bienes_de_cambio,
l10n_ar_chart.base_beneficios_al_personal,l10n_ar_chart.l10nar_base_chart_template,2.1.5.01.006,account.data_account_type_payable,Beneficios al personal,FALSE,l10n_ar_chart.account_group_remueraciones_y_cargas_sociales,
l10n_ar_chart.base_previsión_despidos,l10n_ar_chart.l10nar_base_chart_template,2.1.5.01.007,account.data_account_type_payable,Previsión Despidos,FALSE,l10n_ar_chart.account_group_remueraciones_y_cargas_sociales,
l10n_ar_chart.base_impuesto_a_las_ganancias_a_pagar,l10n_ar_chart.l10nar_ex_chart_template,2.1.6.01.001,account.data_account_type_payable,Impuesto a las ganancias a pagar,TRUE,l10n_ar_chart.account_group_bienes_de_cambio,
l10n_ar_chart.base_retención/percepción_ganancias_a_pagar,l10n_ar_chart.l10nar_ex_chart_template,2.1.6.01.002,account.data_account_type_payable,Retención/Percepción ganancias a pagar,TRUE,l10n_ar_chart.account_group_bienes_de_cambio,
l10n_ar_chart.ri_iva_débito_fiscal,l10n_ar_chart.l10nar_ri_chart_template,2.1.6.02.001,account.data_account_type_payable,IVA débito fiscal,FALSE,l10n_ar_chart.account_group_deudas_iva,l10n_ar_account.tag_iva_primer_parrafo
l10n_ar_chart.ri_iva_saldo_a_pagar,l10n_ar_chart.l10nar_ri_chart_template,2.1.6.02.002,account.data_account_type_payable,IVA saldo a pagar,TRUE,l10n_ar_chart.account_group_bienes_de_cambio,
l10n_ar_chart.ri_retención/percepción_iva_a_pagar,l10n_ar_chart.l10nar_ri_chart_template,2.1.6.02.003,account.data_account_type_payable,Retención/Percepción IVA a pagar,TRUE,l10n_ar_chart.account_group_bienes_de_cambio,
l10n_ar_chart.ri_ingresos_brutos_a_pagar,l10n_ar_chart.l10nar_ex_chart_template,2.1.6.03.001,account.data_account_type_payable,Ingresos brutos a pagar,TRUE,l10n_ar_chart.account_group_bienes_de_cambio,
l10n_ar_chart.ri_comercio_e_industria_a_pagar,l10n_ar_chart.l10nar_ex_chart_template,2.1.6.04.001,account.data_account_type_payable,Comercio e Industria a pagar,TRUE,l10n_ar_chart.account_group_bienes_de_cambio,
l10n_ar_chart.ri_sifere_a_pagar,l10n_ar_chart.l10nar_ex_chart_template,2.1.6.05.001,account.data_account_type_payable,Sifere a pagar,TRUE,l10n_ar_chart.account_group_bienes_de_cambio,
l10n_ar_chart.ri_suss_a_pagar,l10n_ar_chart.l10nar_ex_chart_template,2.1.6.06.001,account.data_account_type_payable,SUSS a pagar,TRUE,l10n_ar_chart.account_group_bienes_de_cambio,
l10n_ar_chart.base_capital_social,l10n_ar_chart.l10nar_base_chart_template,3.1.1.01.001,account.data_account_type_equity,Capital Social,FALSE,l10n_ar_chart.account_group_bienes_de_cambio,
l10n_ar_chart.base_ajustes_de_capital,l10n_ar_chart.l10nar_base_chart_template,3.1.1.01.002,account.data_account_type_equity,Ajustes de capital,FALSE,l10n_ar_chart.account_group_bienes_de_cambio,
l10n_ar_chart.base_primas_(descuento)_de_acciones,l10n_ar_chart.l10nar_base_chart_template,3.1.1.01.003,account.data_account_type_equity,Primas (descuento) de acciones,FALSE,l10n_ar_chart.account_group_bienes_de_cambio,
l10n_ar_chart.base_capitalizaciones_en_trámite,l10n_ar_chart.l10nar_base_chart_template,3.1.1.01.004,account.data_account_type_equity,Capitalizaciones en trámite,FALSE,l10n_ar_chart.account_group_bienes_de_cambio,
l10n_ar_chart.base_reducciones_de_capital_pendientes_de_formalización,l10n_ar_chart.l10nar_base_chart_template,3.1.1.01.005,account.data_account_type_equity,Reducciones de capital pendientes de formalización,FALSE,l10n_ar_chart.account_group_bienes_de_cambio,
l10n_ar_chart.base_aportes_irrevocables_de_fabricio_donadio,l10n_ar_chart.l10nar_base_chart_template,3.1.1.01.006,account.data_account_type_equity,Aportes Irrevocables de Fabricio Donadio,FALSE,l10n_ar_chart.account_group_bienes_de_cambio,
l10n_ar_chart.base_aportes_irrevocables_de_jose_forguez,l10n_ar_chart.l10nar_base_chart_template,3.1.1.01.007,account.data_account_type_equity,Aportes Irrevocables de Jose Forguez,FALSE,l10n_ar_chart.account_group_bienes_de_cambio,
l10n_ar_chart.base_aportes_irrevocables_de_gabriel_florensa,l10n_ar_chart.l10nar_base_chart_template,3.1.1.01.008,account.data_account_type_equity,Aportes Irrevocables de Gabriel Florensa,FALSE,l10n_ar_chart.account_group_bienes_de_cambio,
l10n_ar_chart.base_aportes_irrevocables_de_sergio_asis,l10n_ar_chart.l10nar_base_chart_template,3.1.1.01.009,account.data_account_type_equity,Aportes Irrevocables de Sergio Asis,FALSE,l10n_ar_chart.account_group_bienes_de_cambio,
l10n_ar_chart.base_aportes_irrevocables_de_diego_fabian_tondo,l10n_ar_chart.l10nar_base_chart_template,3.1.1.01.010,account.data_account_type_equity,Aportes Irrevocables de Diego Fabian Tondo,FALSE,l10n_ar_chart.account_group_bienes_de_cambio,
l10n_ar_chart.base_reserva_legal,l10n_ar_chart.l10nar_base_chart_template,3.2.1.01.001,account.data_account_type_equity,Reserva legal,FALSE,l10n_ar_chart.account_group_bienes_de_cambio,
l10n_ar_chart.base_reserva_estatuitaria,l10n_ar_chart.l10nar_base_chart_template,3.2.1.01.002,account.data_account_type_equity,Reserva estatuitaria,FALSE,l10n_ar_chart.account_group_bienes_de_cambio,
l10n_ar_chart.base_reserva_facultativa,l10n_ar_chart.l10nar_base_chart_template,3.2.1.01.003,account.data_account_type_equity,Reserva Facultativa,FALSE,l10n_ar_chart.account_group_bienes_de_cambio,
l10n_ar_chart.base_resultado_del_ejercicio,l10n_ar_chart.l10nar_base_chart_template,3.3.1.01.001,account.data_account_type_equity,Resultado del ejercicio,FALSE,l10n_ar_chart.account_group_bienes_de_cambio,l10n_ar_account.tag_unaffected_earnings
l10n_ar_chart.base_resultado_acumulados.,l10n_ar_chart.l10nar_base_chart_template,3.3.1.01.002,account.data_account_type_equity,Resultado acumulados.,FALSE,l10n_ar_chart.account_group_bienes_de_cambio,
l10n_ar_chart.base_ajuste_resultados_ejercicios_anteriores,l10n_ar_chart.l10nar_base_chart_template,3.3.1.01.003,account.data_account_type_equity,Ajuste resultados ejercicios anteriores,FALSE,l10n_ar_chart.account_group_bienes_de_cambio,
l10n_ar_chart.base_venta_de_mercaderia_ars,l10n_ar_chart.l10nar_base_chart_template,4.1.1.01.001,account.data_account_type_revenue,Venta de mercaderia ARS,FALSE,l10n_ar_chart.account_group_bienes_de_cambio,
l10n_ar_chart.base_venta_de_mercaderia_usd,l10n_ar_chart.l10nar_base_chart_template,4.1.1.01.002,account.data_account_type_revenue,Venta de mercaderia USD,FALSE,l10n_ar_chart.account_group_bienes_de_cambio,
l10n_ar_chart.base_venta_desarrollo_ars,l10n_ar_chart.l10nar_base_chart_template,4.1.1.01.003,account.data_account_type_revenue,Venta desarrollo ARS,FALSE,l10n_ar_chart.account_group_bienes_de_cambio,
l10n_ar_chart.base_venta_desarrollo_usd,l10n_ar_chart.l10nar_base_chart_template,4.1.1.01.004,account.data_account_type_revenue,Venta desarrollo USD,FALSE,l10n_ar_chart.account_group_bienes_de_cambio,
l10n_ar_chart.base_venta_servicios_misc_ars,l10n_ar_chart.l10nar_base_chart_template,4.1.1.01.005,account.data_account_type_revenue,Venta servicios misc ARS,FALSE,l10n_ar_chart.account_group_bienes_de_cambio,
l10n_ar_chart.base_venta_servicios_misc_usd,l10n_ar_chart.l10nar_base_chart_template,4.1.1.01.006,account.data_account_type_revenue,Venta servicios misc USD,FALSE,l10n_ar_chart.account_group_bienes_de_cambio,
l10n_ar_chart.base_resultado_venta_bienes_de_uso,l10n_ar_chart.l10nar_base_chart_template,4.1.2.01.001,account.data_account_type_other_income,Resultado venta bienes de uso,FALSE,l10n_ar_chart.account_group_bienes_de_cambio,
l10n_ar_chart.base_ajuste_por_redondeo,l10n_ar_chart.l10nar_base_chart_template,4.1.2.01.002,account.data_account_type_other_income,Ajuste por redondeo,FALSE,l10n_ar_chart.account_group_bienes_de_cambio,
l10n_ar_chart.base_descuentos_realizados,l10n_ar_chart.l10nar_base_chart_template,4.1.2.01.003,account.data_account_type_other_income,Descuentos Realizados,FALSE,l10n_ar_chart.account_group_bienes_de_cambio,
l10n_ar_chart.base_recupero_de_gastos,l10n_ar_chart.l10nar_base_chart_template,4.1.2.01.004,account.data_account_type_other_income,Recupero de gastos,FALSE,l10n_ar_chart.account_group_bienes_de_cambio,
"l10n_ar_chart.base_sueldos,_sac_y_vacaciones_-_producción",l10n_ar_chart.l10nar_base_chart_template,5.1.1.01.001,account.data_account_type_expenses,"Sueldos, SAC y Vacaciones - Producción",FALSE,l10n_ar_chart.account_group_bienes_de_cambio,
l10n_ar_chart.base_cargas_sociales_-_producción,l10n_ar_chart.l10nar_base_chart_template,5.1.1.01.002,account.data_account_type_expenses,Cargas Sociales - Producción,FALSE,l10n_ar_chart.account_group_bienes_de_cambio,
l10n_ar_chart.base_movilidad_y_viáticos_-_producción,l10n_ar_chart.l10nar_base_chart_template,5.1.1.01.003,account.data_account_type_expenses,Movilidad y viáticos - Producción,FALSE,l10n_ar_chart.account_group_bienes_de_cambio,
l10n_ar_chart.base_alquileres_-_producción,l10n_ar_chart.l10nar_base_chart_template,5.1.1.01.004,account.data_account_type_expenses,Alquileres - Producción,FALSE,l10n_ar_chart.account_group_bienes_de_cambio,
"l10n_ar_chart.base_servicios_de_luz,_agua,_etc._-_producción",l10n_ar_chart.l10nar_base_chart_template,5.1.1.01.005,account.data_account_type_expenses,"Servicios de luz, agua, etc. - Producción",FALSE,l10n_ar_chart.account_group_bienes_de_cambio,
l10n_ar_chart.base_servicios_contratados_de_-_producción,l10n_ar_chart.l10nar_base_chart_template,5.1.1.01.006,account.data_account_type_expenses,Servicios Contratados de - Producción,FALSE,l10n_ar_chart.account_group_bienes_de_cambio,
l10n_ar_chart.base_capacitaciones_-_producción,l10n_ar_chart.l10nar_base_chart_template,5.1.1.01.007,account.data_account_type_expenses,Capacitaciones - Producción,FALSE,l10n_ar_chart.account_group_bienes_de_cambio,
l10n_ar_chart.base_gratificación_al_personal_-_producción,l10n_ar_chart.l10nar_base_chart_template,5.1.1.01.008,account.data_account_type_expenses,Gratificación al personal - Producción,FALSE,l10n_ar_chart.account_group_bienes_de_cambio,
l10n_ar_chart.base_gastos_de_importación,l10n_ar_chart.l10nar_base_chart_template,5.1.1.01.009,account.data_account_type_expenses,Gastos de Importación,FALSE,l10n_ar_chart.account_group_bienes_de_cambio,
"l10n_ar_chart.base_sueldos,_sac_y_vacaciones_-_desarrollo",l10n_ar_chart.l10nar_base_chart_template,5.1.2.01.001,account.data_account_type_expenses,"Sueldos, SAC y Vacaciones - Desarrollo",FALSE,l10n_ar_chart.account_group_bienes_de_cambio,
l10n_ar_chart.base_cargas_sociales_-_desarrollo,l10n_ar_chart.l10nar_base_chart_template,5.1.2.01.002,account.data_account_type_expenses,Cargas Sociales - Desarrollo,FALSE,l10n_ar_chart.account_group_bienes_de_cambio,
l10n_ar_chart.base_movilidad_y_viáticos_-_desarrollo,l10n_ar_chart.l10nar_base_chart_template,5.1.2.01.003,account.data_account_type_expenses,Movilidad y viáticos - Desarrollo,FALSE,l10n_ar_chart.account_group_bienes_de_cambio,
l10n_ar_chart.base_alquileres_-_desarrollo,l10n_ar_chart.l10nar_base_chart_template,5.1.2.01.004,account.data_account_type_expenses,Alquileres - Desarrollo,FALSE,l10n_ar_chart.account_group_bienes_de_cambio,
"l10n_ar_chart.base_servicios_de_luz,_agua,_etc._-_desarrollo",l10n_ar_chart.l10nar_base_chart_template,5.1.2.01.005,account.data_account_type_expenses,"Servicios de luz, agua, etc. - Desarrollo",FALSE,l10n_ar_chart.account_group_bienes_de_cambio,
l10n_ar_chart.base_servicios_contratados_de_-_desarrollo,l10n_ar_chart.l10nar_base_chart_template,5.1.2.01.006,account.data_account_type_expenses,Servicios Contratados de - Desarrollo,FALSE,l10n_ar_chart.account_group_bienes_de_cambio,
l10n_ar_chart.base_capacitaciones_-_desarrollo,l10n_ar_chart.l10nar_base_chart_template,5.1.2.01.007,account.data_account_type_expenses,Capacitaciones - Desarrollo,FALSE,l10n_ar_chart.account_group_bienes_de_cambio,
l10n_ar_chart.base_gratificación_al_personal_-_producción,l10n_ar_chart.l10nar_base_chart_template,5.1.2.01.008,account.data_account_type_expenses,Gratificación al personal - Producción,FALSE,l10n_ar_chart.account_group_bienes_de_cambio,
l10n_ar_chart.base_gastos_en_investigación_y_desarrollo,l10n_ar_chart.l10nar_base_chart_template,5.1.2.01.009,account.data_account_type_expenses,Gastos en Investigación y Desarrollo,FALSE,l10n_ar_chart.account_group_bienes_de_cambio,
l10n_ar_chart.base_gastos_de_exportacion,l10n_ar_chart.l10nar_base_chart_template,5.1.3.01.001,account.data_account_type_expenses,Gastos de Exportacion,FALSE,l10n_ar_chart.account_group_bienes_de_cambio,
l10n_ar_chart.base_servicios_contratados_de_instalacion,l10n_ar_chart.l10nar_base_chart_template,5.1.3.01.002,account.data_account_type_expenses,Servicios Contratados de Instalacion,FALSE,l10n_ar_chart.account_group_bienes_de_cambio,
l10n_ar_chart.base_comisiones_por_ventas,l10n_ar_chart.l10nar_base_chart_template,5.1.3.01.003,account.data_account_type_expenses,Comisiones por ventas,FALSE,l10n_ar_chart.account_group_bienes_de_cambio,
l10n_ar_chart.base_gastos_mantenimiento_bien_de_uso,l10n_ar_chart.l10nar_base_chart_template,5.1.3.01.004,account.data_account_type_expenses,Gastos mantenimiento Bien de Uso,FALSE,l10n_ar_chart.account_group_bienes_de_cambio,
l10n_ar_chart.base_gastos_mantenimiento_rodado,l10n_ar_chart.l10nar_base_chart_template,5.1.3.01.005,account.data_account_type_expenses,Gastos mantenimiento Rodado,FALSE,l10n_ar_chart.account_group_bienes_de_cambio,
l10n_ar_chart.base_gastos_de_eventos_comerciales,l10n_ar_chart.l10nar_base_chart_template,5.1.3.01.006,account.data_account_type_expenses,Gastos de eventos comerciales,FALSE,l10n_ar_chart.account_group_bienes_de_cambio,
"l10n_ar_chart.base_sueldos,_sac_y_vacaciones_-_postventa",l10n_ar_chart.l10nar_base_chart_template,5.1.4.01.001,account.data_account_type_expenses,"Sueldos, SAC y Vacaciones - Postventa",FALSE,l10n_ar_chart.account_group_bienes_de_cambio,
l10n_ar_chart.base_cargas_sociales_-_postventa,l10n_ar_chart.l10nar_base_chart_template,5.1.4.01.002,account.data_account_type_expenses,Cargas Sociales - Postventa,FALSE,l10n_ar_chart.account_group_bienes_de_cambio,
l10n_ar_chart.base_movilidad_y_viáticos_-_postventa,l10n_ar_chart.l10nar_base_chart_template,5.1.4.01.003,account.data_account_type_expenses,Movilidad y viáticos - Postventa,FALSE,l10n_ar_chart.account_group_bienes_de_cambio,
l10n_ar_chart.base_alquileres_-_postventa,l10n_ar_chart.l10nar_base_chart_template,5.1.4.01.004,account.data_account_type_expenses,Alquileres - Postventa,FALSE,l10n_ar_chart.account_group_bienes_de_cambio,
"l10n_ar_chart.base_servicios_de_luz,_agua,_etc._-_postventa",l10n_ar_chart.l10nar_base_chart_template,5.1.4.01.005,account.data_account_type_expenses,"Servicios de luz, agua, etc. - Postventa",FALSE,l10n_ar_chart.account_group_bienes_de_cambio,
l10n_ar_chart.base_servicios_contratados_de_-_postventa,l10n_ar_chart.l10nar_base_chart_template,5.1.4.01.006,account.data_account_type_expenses,Servicios Contratados de - Postventa,FALSE,l10n_ar_chart.account_group_bienes_de_cambio,
l10n_ar_chart.base_capacitaciones_-_postventa,l10n_ar_chart.l10nar_base_chart_template,5.1.4.01.007,account.data_account_type_expenses,Capacitaciones - Postventa,FALSE,l10n_ar_chart.account_group_bienes_de_cambio,
l10n_ar_chart.base_gratificación_al_personal_-_post_venta,l10n_ar_chart.l10nar_base_chart_template,5.1.4.01.008,account.data_account_type_expenses,Gratificación al personal - Post Venta,FALSE,l10n_ar_chart.account_group_bienes_de_cambio,
"l10n_ar_chart.base_sueldos,_sac_y_vacaciones_-_administración",l10n_ar_chart.l10nar_base_chart_template,5.1.5.01.001,account.data_account_type_expenses,"Sueldos, SAC y Vacaciones - Administración",FALSE,l10n_ar_chart.account_group_bienes_de_cambio,
l10n_ar_chart.base_cargas_sociales_-_administración,l10n_ar_chart.l10nar_base_chart_template,5.1.5.01.002,account.data_account_type_expenses,Cargas Sociales - Administración,FALSE,l10n_ar_chart.account_group_bienes_de_cambio,
l10n_ar_chart.base_movilidad_y_viáticos_-_administración,l10n_ar_chart.l10nar_base_chart_template,5.1.5.01.003,account.data_account_type_expenses,Movilidad y viáticos - Administración,FALSE,l10n_ar_chart.account_group_bienes_de_cambio,
l10n_ar_chart.base_alquileres_-_administración,l10n_ar_chart.l10nar_base_chart_template,5.1.5.01.004,account.data_account_type_expenses,Alquileres - Administración,FALSE,l10n_ar_chart.account_group_bienes_de_cambio,
"l10n_ar_chart.base_servicios_de_luz,_agua,_etc._-_administración",l10n_ar_chart.l10nar_base_chart_template,5.1.5.01.005,account.data_account_type_expenses,"Servicios de luz, agua, etc. - Administración",FALSE,l10n_ar_chart.account_group_bienes_de_cambio,
l10n_ar_chart.base_servicios_contratados_de_-_administración,l10n_ar_chart.l10nar_base_chart_template,5.1.5.01.006,account.data_account_type_expenses,Servicios Contratados de - Administración,FALSE,l10n_ar_chart.account_group_bienes_de_cambio,
l10n_ar_chart.base_capacitaciones_-_administración,l10n_ar_chart.l10nar_base_chart_template,5.1.5.01.007,account.data_account_type_expenses,Capacitaciones - Administración,FALSE,l10n_ar_chart.account_group_bienes_de_cambio,
l10n_ar_chart.base_gratificación_al_personal_-_administración,l10n_ar_chart.l10nar_base_chart_template,5.1.5.01.008,account.data_account_type_expenses,Gratificación al personal - Administración,FALSE,l10n_ar_chart.account_group_bienes_de_cambio,
l10n_ar_chart.base_mantenimiento_y_limpieza_-_administración,l10n_ar_chart.l10nar_base_chart_template,5.1.5.01.009,account.data_account_type_expenses,Mantenimiento y limpieza - Administración,FALSE,l10n_ar_chart.account_group_bienes_de_cambio,
l10n_ar_chart.base_artículos_librería_-_administración,l10n_ar_chart.l10nar_base_chart_template,5.1.5.01.010,account.data_account_type_expenses,Artículos librería - Administración,FALSE,l10n_ar_chart.account_group_bienes_de_cambio,
l10n_ar_chart.base_cadetería_y_correo_-_administración,l10n_ar_chart.l10nar_base_chart_template,5.1.5.01.011,account.data_account_type_expenses,Cadetería y correo - Administración,FALSE,l10n_ar_chart.account_group_bienes_de_cambio,
l10n_ar_chart.base_gastos_contables,l10n_ar_chart.l10nar_base_chart_template,5.1.5.01.012,account.data_account_type_expenses,Gastos Contables,FALSE,l10n_ar_chart.account_group_bienes_de_cambio,
l10n_ar_chart.base_gastos_legales,l10n_ar_chart.l10nar_base_chart_template,5.1.5.01.013,account.data_account_type_expenses,Gastos Legales,FALSE,l10n_ar_chart.account_group_bienes_de_cambio,
l10n_ar_chart.base_gastos_de_consultoría,l10n_ar_chart.l10nar_base_chart_template,5.1.5.01.014,account.data_account_type_expenses,Gastos de Consultoría,FALSE,l10n_ar_chart.account_group_bienes_de_cambio,
l10n_ar_chart.base_cuotas_societarias,l10n_ar_chart.l10nar_base_chart_template,5.1.5.01.015,account.data_account_type_expenses,Cuotas Societarias,FALSE,l10n_ar_chart.account_group_bienes_de_cambio,
l10n_ar_chart.base_seguros,l10n_ar_chart.l10nar_base_chart_template,5.1.5.01.016,account.data_account_type_expenses,Seguros,FALSE,l10n_ar_chart.account_group_bienes_de_cambio,
l10n_ar_chart.base_telefonía_e_internet,l10n_ar_chart.l10nar_base_chart_template,5.1.5.01.017,account.data_account_type_expenses,Telefonía e Internet,FALSE,l10n_ar_chart.account_group_bienes_de_cambio,
l10n_ar_chart.base_amortizaciones_maquinaria_y_equipos,l10n_ar_chart.l10nar_base_chart_template,5.1.6.01.001,account.data_account_type_depreciation,Amortizaciones Maquinaria y Equipos,FALSE,l10n_ar_chart.account_group_bienes_de_cambio,
l10n_ar_chart.base_amortizaciones_instalaciones,l10n_ar_chart.l10nar_base_chart_template,5.1.6.01.002,account.data_account_type_depreciation,Amortizaciones Instalaciones,FALSE,l10n_ar_chart.account_group_bienes_de_cambio,
l10n_ar_chart.base_amortizacion_muebles_y_útiles,l10n_ar_chart.l10nar_base_chart_template,5.1.6.01.003,account.data_account_type_depreciation,Amortizacion Muebles y útiles,FALSE,l10n_ar_chart.account_group_bienes_de_cambio,
l10n_ar_chart.base_amortizacion_rodados,l10n_ar_chart.l10nar_base_chart_template,5.1.6.01.004,account.data_account_type_depreciation,Amortizacion Rodados,FALSE,l10n_ar_chart.account_group_bienes_de_cambio,
l10n_ar_chart.base_amortizacion_herramientas,l10n_ar_chart.l10nar_base_chart_template,5.1.6.01.005,account.data_account_type_depreciation,Amortizacion Herramientas,FALSE,l10n_ar_chart.account_group_bienes_de_cambio,
l10n_ar_chart.base_amortizacion_equipos_de_computación,l10n_ar_chart.l10nar_base_chart_template,5.1.6.01.006,account.data_account_type_depreciation,Amortizacion Equipos de Computación,FALSE,l10n_ar_chart.account_group_bienes_de_cambio,
l10n_ar_chart.base_impuestos_a_las_ganancias_(resultado),l10n_ar_chart.l10nar_ex_chart_template,5.2.1.01.001,account.data_account_type_expenses,Impuestos a las ganancias (resultado),FALSE,l10n_ar_chart.account_group_otros_impuestos,
l10n_ar_chart.base_impuestos_ingresos_brutos_caba,l10n_ar_chart.l10nar_base_chart_template,5.2.1.01.002,account.data_account_type_expenses,Impuestos ingresos brutos CABA,FALSE,l10n_ar_chart.account_group_otros_impuestos,
l10n_ar_chart.base_impuestos_ingresos_brutos_bs._as.,l10n_ar_chart.l10nar_base_chart_template,5.2.1.01.003,account.data_account_type_expenses,Impuestos ingresos brutos Bs. As.,FALSE,l10n_ar_chart.account_group_otros_impuestos,
l10n_ar_chart.base_impuestos_ingresos_brutos_córdoba,l10n_ar_chart.l10nar_base_chart_template,5.2.1.01.004,account.data_account_type_expenses,Impuestos ingresos brutos Córdoba,FALSE,l10n_ar_chart.account_group_otros_impuestos,
l10n_ar_chart.base_impuestos_ingresos_brutos_santa_fé,l10n_ar_chart.l10nar_base_chart_template,5.2.1.01.005,account.data_account_type_expenses,Impuestos ingresos brutos Santa Fé,FALSE,l10n_ar_chart.account_group_otros_impuestos,
l10n_ar_chart.base_impuestos_ingresos_brutos_mendoza,l10n_ar_chart.l10nar_base_chart_template,5.2.1.01.006,account.data_account_type_expenses,Impuestos ingresos brutos Mendoza,FALSE,l10n_ar_chart.account_group_otros_impuestos,
l10n_ar_chart.base_impuestos_ingresos_brutos_tucumán,l10n_ar_chart.l10nar_base_chart_template,5.2.1.01.007,account.data_account_type_expenses,Impuestos ingresos brutos Tucumán,FALSE,l10n_ar_chart.account_group_otros_impuestos,
l10n_ar_chart.base_impuestos_ingresos_brutos_entre_ríos,l10n_ar_chart.l10nar_base_chart_template,5.2.1.01.008,account.data_account_type_expenses,Impuestos ingresos brutos Entre Ríos,FALSE,l10n_ar_chart.account_group_otros_impuestos,
l10n_ar_chart.base_impuestos_ingresos_brutos_salta,l10n_ar_chart.l10nar_base_chart_template,5.2.1.01.009,account.data_account_type_expenses,Impuestos ingresos brutos Salta,FALSE,l10n_ar_chart.account_group_otros_impuestos,
l10n_ar_chart.base_impuestos_ingresos_brutos_misiones,l10n_ar_chart.l10nar_base_chart_template,5.2.1.01.010,account.data_account_type_expenses,Impuestos ingresos brutos Misiones,FALSE,l10n_ar_chart.account_group_otros_impuestos,
l10n_ar_chart.base_impuestos_ingresos_brutos_chaco,l10n_ar_chart.l10nar_base_chart_template,5.2.1.01.011,account.data_account_type_expenses,Impuestos ingresos brutos Chaco,FALSE,l10n_ar_chart.account_group_otros_impuestos,
l10n_ar_chart.base_impuestos_ingresos_brutos_jujuy,l10n_ar_chart.l10nar_base_chart_template,5.2.1.01.012,account.data_account_type_expenses,Impuestos ingresos brutos Jujuy,FALSE,l10n_ar_chart.account_group_otros_impuestos,
l10n_ar_chart.base_impuestos_ingresos_brutos_san_juan,l10n_ar_chart.l10nar_base_chart_template,5.2.1.01.013,account.data_account_type_expenses,Impuestos ingresos brutos San Juan,FALSE,l10n_ar_chart.account_group_otros_impuestos,
l10n_ar_chart.base_impuestos_ingresos_brutos_río_negro,l10n_ar_chart.l10nar_base_chart_template,5.2.1.01.014,account.data_account_type_expenses,Impuestos ingresos brutos Río Negro,FALSE,l10n_ar_chart.account_group_otros_impuestos,
l10n_ar_chart.base_impuestos_ingresos_brutos_formosa,l10n_ar_chart.l10nar_base_chart_template,5.2.1.01.015,account.data_account_type_expenses,Impuestos ingresos brutos Formosa,FALSE,l10n_ar_chart.account_group_otros_impuestos,
l10n_ar_chart.base_impuestos_ingresos_brutos_neuquén,l10n_ar_chart.l10nar_base_chart_template,5.2.1.01.016,account.data_account_type_expenses,Impuestos ingresos brutos Neuquén,FALSE,l10n_ar_chart.account_group_otros_impuestos,
l10n_ar_chart.base_impuestos_ingresos_brutos_chubut,l10n_ar_chart.l10nar_base_chart_template,5.2.1.01.017,account.data_account_type_expenses,Impuestos ingresos brutos Chubut,FALSE,l10n_ar_chart.account_group_otros_impuestos,
l10n_ar_chart.base_impuestos_ingresos_brutos_san_luis,l10n_ar_chart.l10nar_base_chart_template,5.2.1.01.018,account.data_account_type_expenses,Impuestos ingresos brutos San Luis,FALSE,l10n_ar_chart.account_group_otros_impuestos,
l10n_ar_chart.base_impuestos_ingresos_brutos_catamarca,l10n_ar_chart.l10nar_base_chart_template,5.2.1.01.019,account.data_account_type_expenses,Impuestos ingresos brutos Catamarca,FALSE,l10n_ar_chart.account_group_otros_impuestos,
l10n_ar_chart.base_impuestos_ingresos_brutos_la_rioja,l10n_ar_chart.l10nar_base_chart_template,5.2.1.01.020,account.data_account_type_expenses,Impuestos ingresos brutos La Rioja,FALSE,l10n_ar_chart.account_group_otros_impuestos,
l10n_ar_chart.base_impuestos_ingresos_brutos_la_pampa,l10n_ar_chart.l10nar_base_chart_template,5.2.1.01.021,account.data_account_type_expenses,Impuestos ingresos brutos La Pampa,FALSE,l10n_ar_chart.account_group_otros_impuestos,
l10n_ar_chart.base_impuestos_ingresos_brutos_santa_cruz,l10n_ar_chart.l10nar_base_chart_template,5.2.1.01.022,account.data_account_type_expenses,Impuestos ingresos brutos Santa Cruz,FALSE,l10n_ar_chart.account_group_otros_impuestos,
l10n_ar_chart.base_impuestos_ingresos_brutos_tierra_del_fuego,l10n_ar_chart.l10nar_base_chart_template,5.2.1.01.023,account.data_account_type_expenses,Impuestos ingresos brutos Tierra del Fuego,FALSE,l10n_ar_chart.account_group_otros_impuestos,
l10n_ar_chart.base_impuesto_comercio_e_industria,l10n_ar_chart.l10nar_base_chart_template,5.2.1.01.024,account.data_account_type_expenses,Impuesto Comercio e Industria,FALSE,l10n_ar_chart.account_group_otros_impuestos,
l10n_ar_chart.base_tasas_de_ministerio_de_trabajo,l10n_ar_chart.l10nar_base_chart_template,5.2.1.01.025,account.data_account_type_expenses,Tasas de Ministerio de trabajo,FALSE,l10n_ar_chart.account_group_otros_impuestos,
l10n_ar_chart.base_impuestos_internos,l10n_ar_chart.l10nar_base_chart_template,5.2.1.01.026,account.data_account_type_expenses,Impuestos Internos,FALSE,l10n_ar_chart.account_group_otros_impuestos,
l10n_ar_chart.base_publicidad,l10n_ar_chart.l10nar_base_chart_template,5.3.1.01.001,account.data_account_type_expenses,Publicidad,FALSE,l10n_ar_chart.account_group_bienes_de_cambio,
l10n_ar_chart.base_servicios_web,l10n_ar_chart.l10nar_base_chart_template,5.3.1.01.002,account.data_account_type_expenses,Servicios Web,FALSE,l10n_ar_chart.account_group_bienes_de_cambio,
l10n_ar_chart.base_hosting,l10n_ar_chart.l10nar_base_chart_template,5.3.1.01.003,account.data_account_type_expenses,Hosting,FALSE,l10n_ar_chart.account_group_bienes_de_cambio,
l10n_ar_chart.base_servicios_de_datos_y_conectividad,l10n_ar_chart.l10nar_base_chart_template,5.3.1.01.004,account.data_account_type_expenses,Servicios de Datos y Conectividad,FALSE,l10n_ar_chart.account_group_bienes_de_cambio,
l10n_ar_chart.base_retención_ganancias_personal,l10n_ar_chart.l10nar_base_chart_template,5.3.1.01.005,account.data_account_type_expenses,Retención Ganancias Personal,FALSE,l10n_ar_chart.account_group_bienes_de_cambio,
l10n_ar_chart.base_gastos_y_comisiones_bancarias,l10n_ar_chart.l10nar_base_chart_template,5.3.1.01.006,account.data_account_type_expenses,Gastos y Comisiones Bancarias,FALSE,l10n_ar_chart.account_group_bienes_de_cambio,
l10n_ar_chart.base_donaciones_recibidas,l10n_ar_chart.l10nar_base_chart_template,5.3.1.01.007,account.data_account_type_expenses,Donaciones Recibidas,FALSE,l10n_ar_chart.account_group_bienes_de_cambio,
l10n_ar_chart.base_honorarios_directores,l10n_ar_chart.l10nar_base_chart_template,5.4.1.01.001,account.data_account_type_expenses,Honorarios Directores,FALSE,l10n_ar_chart.account_group_bienes_de_cambio,
l10n_ar_chart.base_impuestos_directores,l10n_ar_chart.l10nar_base_chart_template,5.4.1.01.002,account.data_account_type_expenses,Impuestos Directores,FALSE,l10n_ar_chart.account_group_bienes_de_cambio,
l10n_ar_chart.base_costo_de_mercadería_vendida_ars,l10n_ar_chart.l10nar_base_chart_template,6.1.1.01.001,account.data_account_type_current_assets,Costo de mercadería vendida ARS,FALSE,l10n_ar_chart.account_group_bienes_de_cambio,
l10n_ar_chart.base_costo_de_mercadería_vendida_usd,l10n_ar_chart.l10nar_base_chart_template,6.1.1.01.002,account.data_account_type_current_assets,Costo de mercadería vendida USD,FALSE,l10n_ar_chart.account_group_bienes_de_cambio,
l10n_ar_chart.base_diferencias_de_cambio,l10n_ar_chart.l10nar_base_chart_template,7.1.1.01.001,account.data_account_type_current_assets,Diferencias de cambio,FALSE,l10n_ar_chart.account_group_bienes_de_cambio,
l10n_ar_chart.base_resultado_por_inversiones_financieras.,l10n_ar_chart.l10nar_base_chart_template,7.1.1.01.002,account.data_account_type_current_assets,Resultado por inversiones financieras.,FALSE,l10n_ar_chart.account_group_bienes_de_cambio,
l10n_ar_chart.base_intereses_perdidos,l10n_ar_chart.l10nar_base_chart_template,7.1.1.01.003,account.data_account_type_current_assets,Intereses Perdidos,FALSE,l10n_ar_chart.account_group_bienes_de_cambio,
l10n_ar_chart.base_intereses_ganados,l10n_ar_chart.l10nar_base_chart_template,7.1.1.01.004,account.data_account_type_current_assets,Intereses Ganados,FALSE,l10n_ar_chart.account_group_bienes_de_cambio,
l10n_ar_chart.base_resultados_por_exposición_a_la_inflación_(rei),l10n_ar_chart.l10nar_base_chart_template,7.1.1.01.005,account.data_account_type_current_assets,Resultados por Exposición a la Inflación (REI),FALSE,l10n_ar_chart.account_group_bienes_de_cambio,
l10n_ar_chart.base_resultados_por_tenencia,l10n_ar_chart.l10nar_base_chart_template,7.1.1.01.006,account.data_account_type_current_assets,Resultados por Tenencia,FALSE,l10n_ar_chart.account_group_bienes_de_cambio,